passenger_id,name,booking_status,seat_number,flight_number
,,,,
102402,Michael Jones,Confirmed,2,1024
102403,Susan Avila,Confirmed,3,1024
102404,Austin Cortez PhD,Confirmed,4,1024
102405,Emily Alexander,Confirmed,5,1024
102406,Mark Dunn,Confirmed,6,1024
102407,Robin Smith,Confirmed,7,1024
102408,Gregory Kirby II,Confirmed,8,1024
102409,Kristin Contreras,Confirmed,9,1024
102410,Brandon Hardy,Confirmed,10,1024
102411,Karen Williams,Confirmed,11,1024
102412,Mary Castillo,Confirmed,12,1024
102413,Janice Moore,Confirmed,13,1024
102414,Natalie Allen,Confirmed,14,1024
102415,Charles Smith,Confirmed,15,1024
102416,Dawn Lloyd,Confirmed,16,1024
102417,Megan Thompson,Confirmed,17,1024
102418,Derek French,Confirmed,18,1024
102419,Tiffany Castaneda,Confirmed,19,1024
102420,Kristie Hernandez,Confirmed,20,1024
102421,Hayden Boyd,Confirmed,21,1024
102422,Jason Brown,Confirmed,22,1024
102423,Laura Fowler,Confirmed,23,1024
102424,Sharon Riggs,Confirmed,24,1024
102425,Kevin Johnson,Confirmed,25,1024
102426,Ann Ellis,Confirmed,26,1024
102427,James Jackson,Confirmed,27,1024
102428,Paul Weiss,Confirmed,28,1024
102429,Justin Pacheco,Confirmed,29,1024
102430,Daniel Snow,Confirmed,30,1024
102431,Evan Buckley,Waitlisted,31,1024
102432,Amber Lee,Waitlisted,32,1024
102433,Robin Williams,Waitlisted,33,1024
102434,Robin Davis,Waitlisted,34,1024
102435,Scott Brooks,Waitlisted,35,1024
102501,Anita Hunt,Confirmed,1,1025
102502,Christopher Torres,Confirmed,2,1025
102503,Amanda Taylor,Confirmed,3,1025
102504,Maria Howard,Confirmed,4,1025
102505,Melissa Wright,Confirmed,5,1025
102506,Kimberly Lee,Confirmed,6,1025
102507,Jonathan Mitchell,Confirmed,7,1025
102508,Tammy Ochoa,Confirmed,8,1025
102509,Joseph Frazier,Confirmed,9,1025
102510,Christine Nguyen,Confirmed,10,1025
102511,Jacob Ferguson,Confirmed,11,1025
102512,Mr. Jose Pineda,Confirmed,12,1025
102513,Jennifer Mcintyre,Confirmed,13,1025
102514,Maria Cooper,Confirmed,14,1025
102515,Kayla Campbell,Confirmed,15,1025
102516,Peter Medina,Confirmed,16,1025
102517,Monica Williams,Confirmed,17,1025
102518,Adam Blake,Confirmed,18,1025
102519,Jacqueline Hudson,Confirmed,19,1025
102520,Colton Clay,Confirmed,20,1025
102521,James Wade,Confirmed,21,1025
102522,Lisa Cantu,Confirmed,22,1025
102523,Tammy Baker MD,Confirmed,23,1025
102524,Rick Mclaughlin,Confirmed,24,1025
102525,Mr. Jeffery Rodriguez,Confirmed,25,1025
102526,Austin Hall,Confirmed,26,1025
102527,Duane Hill,Confirmed,27,1025
102528,David Fowler,Confirmed,28,1025
102529,Kayla Hoffman,Confirmed,29,1025
102530,Sara Garcia,Confirmed,30,1025
102531,David Hart,Waitlisted,31,1025
102532,Lorraine Griffin,Waitlisted,32,1025
102533,Tommy Vazquez,Waitlisted,33,1025
102534,Danielle Thompson,Waitlisted,34,1025
102535,Ricky Watts,Waitlisted,35,1025
102601,Cathy Juarez,Confirmed,1,1026
102602,Gabriel Williams,Confirmed,2,1026
102603,Gabriela Figueroa,Confirmed,3,1026
102604,Leslie Lopez,Confirmed,4,1026
102605,Anthony Watts,Confirmed,5,1026
102606,Robert Campbell,Confirmed,6,1026
102607,Sheena Russell,Confirmed,7,1026
102608,Kent Robinson,Confirmed,8,1026
102609,Joshua Russell Jr.,Confirmed,9,1026
102610,Jeffery Brown,Confirmed,10,1026
102611,Antonio White,Confirmed,11,1026
102612,Jeremiah Perkins,Confirmed,12,1026
102613,Richard Stevenson,Confirmed,13,1026
102614,Katie Webb,Confirmed,14,1026
102615,Corey Wood,Confirmed,15,1026
102616,Cody Fuller,Confirmed,16,1026
102617,Julia Taylor,Confirmed,17,1026
102618,Christopher Richmond,Confirmed,18,1026
102619,Geoffrey Dawson,Confirmed,19,1026
102620,Neil Tucker,Confirmed,20,1026
102621,Elizabeth Hughes,Confirmed,21,1026
102622,Eric Mayer DDS,Confirmed,22,1026
102623,Jeffrey Thomas,Confirmed,23,1026
102624,Jennifer Kelly,Confirmed,24,1026
102625,Dawn Smith DVM,Confirmed,25,1026
102626,John Daniels,Confirmed,26,1026
102627,Donna Sanchez,Confirmed,27,1026
102628,Kevin Ruiz,Confirmed,28,1026
102629,Kimberly Bullock,Confirmed,29,1026
102630,William Ross,Confirmed,30,1026
102631,James Jimenez,Waitlisted,31,1026
102632,Lisa Barker,Waitlisted,32,1026
102633,Scott Fischer,Waitlisted,33,1026
102634,Joanna Bowman,Waitlisted,34,1026
102635,Jessica Brady,Waitlisted,35,1026
102701,Breanna Watson,Confirmed,1,1027
102702,Wendy Smith,Confirmed,2,1027
102703,Julie Craig,Confirmed,3,1027
102704,Charles Calderon,Confirmed,4,1027
102705,Brett Simmons,Confirmed,5,1027
102706,Zachary Benton,Confirmed,6,1027
102707,Jennifer Taylor,Confirmed,7,1027
102708,Wanda Shepherd,Confirmed,8,1027
102709,Karen King,Confirmed,9,1027
102710,Courtney Bailey,Confirmed,10,1027
102711,Vanessa Lane,Confirmed,11,1027
102712,Angela Martin,Confirmed,12,1027
102713,Blake Carroll,Confirmed,13,1027
102714,Nicholas Davis,Confirmed,14,1027
102715,Ashley Garrison,Confirmed,15,1027
102716,Melissa Arnold,Confirmed,16,1027
102717,Michelle Wagner,Confirmed,17,1027
102718,Alyssa Hall,Confirmed,18,1027
102719,Tristan Rowe,Confirmed,19,1027
102720,Deborah Osborne,Confirmed,20,1027
102721,Natalie Gutierrez,Confirmed,21,1027
102722,Audrey Santiago,Confirmed,22,1027
102723,Ryan Wong,Confirmed,23,1027
102724,Sherry Willis,Confirmed,24,1027
102725,Andrew Harrell,Confirmed,25,1027
102726,Sharon Stephens,Confirmed,26,1027
102727,Jennifer Jackson,Confirmed,27,1027
102728,Laura Wilson,Confirmed,28,1027
102729,Jason Clark,Confirmed,29,1027
102730,Brian Williams,Confirmed,30,1027
102731,Thomas James,Waitlisted,31,1027
102732,Sean Lester,Waitlisted,32,1027
102733,Monica Fletcher,Waitlisted,33,1027
102734,Thomas Carr,Waitlisted,34,1027
102735,Charles White,Waitlisted,35,1027
102801,Mr. Jacob Young PhD,Confirmed,1,1028
102802,Mr. John Stevens,Confirmed,2,1028
102803,Jessica Campbell,Confirmed,3,1028
102804,Elijah Velez,Confirmed,4,1028
102805,Diane Smith,Confirmed,5,1028
102806,Todd Singh,Confirmed,6,1028
102807,Joseph Houston,Confirmed,7,1028
102808,Danny Wells,Confirmed,8,1028
102809,Bruce Williams,Confirmed,9,1028
102810,Teresa Mosley,Confirmed,10,1028
102811,Maria Montgomery,Confirmed,11,1028
102812,Jeffrey James,Confirmed,12,1028
102813,Tanner Young,Confirmed,13,1028
102814,Shelley Vasquez,Confirmed,14,1028
102815,Theresa Jones,Confirmed,15,1028
102816,Paula Fernandez,Confirmed,16,1028
102817,Rebecca Nguyen,Confirmed,17,1028
102818,Heather Hall,Confirmed,18,1028
102819,Dr. Aaron Roy,Confirmed,19,1028
102820,Anthony Taylor,Confirmed,20,1028
102821,Lisa Wagner,Confirmed,21,1028
102822,Lauren Jones,Confirmed,22,1028
102823,Cynthia Weaver,Confirmed,23,1028
102824,Brian Henson,Confirmed,24,1028
102825,Andrew Hill,Confirmed,25,1028
102826,Benjamin Wilson,Confirmed,26,1028
102827,Denise Fields,Confirmed,27,1028
102828,Preston Lopez,Confirmed,28,1028
102829,Karen Miller,Confirmed,29,1028
102830,Craig Richards,Confirmed,30,1028
102831,Sarah Reyes,Waitlisted,31,1028
102832,Kathleen Davidson,Waitlisted,32,1028
102833,Bryan Montgomery,Waitlisted,33,1028
102834,Brian Santana,Waitlisted,34,1028
102835,William James,Waitlisted,35,1028
102836,Cameron Coleman,Confirmed,1,1029
102837,Amanda Brooks,Confirmed,2,1029
102838,Daniel Campos,Confirmed,3,1029
102839,Joshua Donaldson,Confirmed,4,1029
102840,Abigail Brewer,Confirmed,5,1029
102841,Kelly Powell,Confirmed,6,1029
102842,David Logan,Confirmed,7,1029
102843,Brianna Smith,Confirmed,8,1029
102844,Dana Morgan,Confirmed,9,1029
102845,Michael Meadows,Confirmed,10,1029
102846,Jared Rogers,Confirmed,11,1029
102847,Isaiah Cole,Confirmed,12,1029
102848,Alexandra Garza,Confirmed,13,1029
102849,Kathleen Moore,Confirmed,14,1029
102850,Kelly Fisher,Confirmed,15,1029
102851,Richard Olson,Confirmed,16,1029
102852,Melissa Scott,Confirmed,17,1029
102853,Crystal Harris,Confirmed,18,1029
102854,Savannah Thomas,Confirmed,19,1029
102855,Jennifer Hancock,Confirmed,20,1029
102856,James Morris,Confirmed,21,1029
102857,Holly Fisher,Confirmed,22,1029
102858,Edward Lindsey,Confirmed,23,1029
102859,Matthew Fuller,Confirmed,24,1029
102860,Brad Burton,Confirmed,25,1029
102861,Melissa Deleon,Confirmed,26,1029
102862,Roy Smith,Confirmed,27,1029
102863,Joseph Long,Confirmed,28,1029
102864,Nicole Carson,Confirmed,29,1029
102865,Katrina Figueroa,Confirmed,30,1029
102866,Edward Cameron,Confirmed,31,1029
102867,Deborah Morgan,Confirmed,32,1029
102868,Emily Le,Confirmed,33,1029
102869,Brenda Nelson,Confirmed,34,1029
102870,Sandra Morgan,Confirmed,35,1029
102871,Debra Lowe,Confirmed,1,1030
102872,David Mathews,Confirmed,2,1030
102873,Richard Jordan,Confirmed,3,1030
102874,Audrey Hill,Confirmed,4,1030
102875,Eduardo Pugh,Confirmed,5,1030
102876,Matthew Murray,Confirmed,6,1030
102877,Matthew Gutierrez,Confirmed,7,1030
102878,Steven Carpenter,Confirmed,8,1030
102879,Janet Mills,Confirmed,9,1030
102880,Jason Myers,Confirmed,10,1030
102881,Debra Jones,Confirmed,11,1030
102882,Taylor Edwards,Confirmed,12,1030
102883,Steven Savage,Confirmed,13,1030
102884,Shawn Solomon,Confirmed,14,1030
102885,Maria Martin,Confirmed,15,1030
102886,Michelle Gonzalez,Confirmed,16,1030
102887,Steven Huynh,Confirmed,17,1030
102888,Justin Gonzalez,Confirmed,18,1030
102889,Brittany Weber,Confirmed,19,1030
102890,Jodi Smith,Confirmed,20,1030
102891,Christian Santana,Confirmed,21,1030
102892,Pamela Chavez,Confirmed,22,1030
102893,Kara Robinson,Confirmed,23,1030
102894,Candice Calderon,Confirmed,24,1030
102895,Stephanie Morrow,Confirmed,25,1030
102896,Angela Johnston,Confirmed,26,1030
102897,Christy Strickland,Confirmed,27,1030
102898,Kevin Pugh MD,Confirmed,28,1030
102899,Ashlee Larson,Confirmed,29,1030
102900,Jonathan Wagner,Confirmed,30,1030
102901,Brian Potter,Confirmed,31,1030
102902,Colleen Lopez,Confirmed,32,1030
102903,Kevin Davenport,Confirmed,33,1030
102904,Autumn Prince,Confirmed,34,1030
102905,Michelle Barton,Confirmed,35,1030
102906,Margaret Spencer,Confirmed,1,1031
102907,Tanya Johnson,Confirmed,2,1031
102908,Brian Phillips,Confirmed,3,1031
102909,Laura Medina,Confirmed,4,1031
102910,Leslie Gordon,Confirmed,5,1031
102911,Melvin Larson,Confirmed,6,1031
102912,Jessica York,Confirmed,7,1031
102913,David Hunter,Confirmed,8,1031
102914,Sarah Klein,Confirmed,9,1031
102915,Matthew Bernard,Confirmed,10,1031
102916,Richard Rodriguez,Confirmed,11,1031
102917,Kenneth Cline,Confirmed,12,1031
102918,Eric Flores,Confirmed,13,1031
102919,Joseph Lee,Confirmed,14,1031
102920,Nicole Sullivan,Confirmed,15,1031
102921,Whitney Bryant,Confirmed,16,1031
102922,Thomas Taylor,Confirmed,17,1031
102923,Jessica Raymond,Confirmed,18,1031
102924,Levi Stanley,Confirmed,19,1031
102925,David Edwards,Confirmed,20,1031
102926,Martin Baker,Confirmed,21,1031
102927,Brianna Morris,Confirmed,22,1031
102928,Bradley Lozano,Confirmed,23,1031
102929,Tracy Horn,Confirmed,24,1031
102930,Kimberly Richard,Confirmed,25,1031
102931,Paula Ray,Confirmed,26,1031
102932,Mrs. Rita Mccarthy MD,Confirmed,27,1031
102933,Shannon Donovan,Confirmed,28,1031
102934,Gloria Fitzgerald,Confirmed,29,1031
102935,Christopher Mcdaniel,Confirmed,30,1031
102936,Robert Mathis,Confirmed,31,1031
102937,Michael Booth,Confirmed,32,1031
102938,Andrew Chapman,Confirmed,33,1031
102939,Bonnie Vincent,Confirmed,34,1031
102940,Melissa Parker,Confirmed,35,1031
102941,Catherine Roberson,Confirmed,1,1032
102942,Glen Oliver,Confirmed,2,1032
102943,Jennifer Gonzalez,Confirmed,3,1032
102944,Herbert Wood,Confirmed,4,1032
102945,Catherine Schultz,Confirmed,5,1032
102946,Sarah English,Confirmed,6,1032
102947,Jessica Singh,Confirmed,7,1032
102948,Justin Henson,Confirmed,8,1032
102949,Donald Roberts,Confirmed,9,1032
102950,Devon Phillips,Confirmed,10,1032
102951,Rachel Riley,Confirmed,11,1032
102952,Nichole James,Confirmed,12,1032
102953,Jeffrey Fuller,Confirmed,13,1032
102954,Cynthia Sandoval,Confirmed,14,1032
102955,Diana Butler,Confirmed,15,1032
102956,Samantha Savage,Confirmed,16,1032
102957,Jay Hartman,Confirmed,17,1032
102958,Jack Ferguson,Confirmed,18,1032
102959,Cynthia Long,Confirmed,19,1032
102960,Heather Vazquez,Confirmed,20,1032
102961,Teresa Stevens,Confirmed,21,1032
102962,Edward Short,Confirmed,22,1032
102963,Lisa Wilson,Confirmed,23,1032
102964,Dennis Johnson,Confirmed,24,1032
102965,Brianna Harrington,Confirmed,25,1032
102966,Emily Logan,Confirmed,26,1032
102967,Tammy Spencer,Confirmed,27,1032
102968,Erika Rowland,Confirmed,28,1032
102969,Brian Frazier,Confirmed,29,1032
102970,Kenneth Villa,Confirmed,30,1032
102971,Shannon Brandt,Confirmed,31,1032
102972,Christian Lawson,Confirmed,32,1032
102973,Jasmine Perkins,Confirmed,33,1032
102974,Maria Harris,Confirmed,34,1032
102975,Joanna Adkins,Confirmed,35,1032
102976,Brenda Best,Confirmed,1,1033
102977,Warren Gonzales,Confirmed,2,1033
102978,Kimberly Bernard,Confirmed,3,1033
102979,Regina Russo,Confirmed,4,1033
102980,Ryan Anderson,Confirmed,5,1033
102981,Joanna Pineda,Confirmed,6,1033
102982,Dr. Laura West,Confirmed,7,1033
102983,James Anderson,Confirmed,8,1033
102984,John Harvey,Confirmed,9,1033
102985,Jeffery Reese,Confirmed,10,1033
102986,Jason Schultz,Confirmed,11,1033
102987,Daryl Rodriguez,Confirmed,12,1033
102988,James Noble,Confirmed,13,1033
102989,Gregory Martin,Confirmed,14,1033
102990,Christine Holmes,Confirmed,15,1033
102991,John Hodges,Confirmed,16,1033
102992,Laurie Garcia,Confirmed,17,1033
102993,Jasmine Mendez,Confirmed,18,1033
102994,Victoria Holland,Confirmed,19,1033
102995,Gwendolyn Edwards,Confirmed,20,1033
102996,Reginald Mcgee,Confirmed,21,1033
102997,Mrs. Amber Hamilton,Confirmed,22,1033
102998,Rebecca Thompson,Confirmed,23,1033
102999,Patrick Johnson,Confirmed,24,1033
103000,Corey Ellis,Confirmed,25,1033
103001,Alvin Smith,Confirmed,26,1033
103002,Renee Guerrero,Confirmed,27,1033
103003,Jasmin Hamilton,Confirmed,28,1033
103004,Teresa Phillips,Confirmed,29,1033
103005,Daniel Ford,Confirmed,30,1033
103006,Eileen Smith,Confirmed,31,1033
103007,Jason Newman,Confirmed,32,1033
103008,Christopher Cooper,Confirmed,33,1033
103009,Nicole Montoya,Confirmed,34,1033
103010,Linda Cox,Confirmed,35,1033
